owner_repo;id;databaseId;name;nameWithOwner;description;homepageUrl;url;owner_login;owner_type;visibility;isPrivate;isTemplate;license_name;license_spdxId;license_url;stargazerCount;forkCount;watchers_count;mentionableUsers_count;open_issues_count;diskUsage;network_count;subscribers_count;createdAt;updatedAt;pushedAt;archivedAt;primaryLanguage_name;languages_detail;defaultBranchRef_name;hasIssuesEnabled;hasProjectsEnabled;hasWikiEnabled;hasDiscussionsEnabled;isArchived;isDisabled;has_pages;has_downloads;isFork;parent_nameWithOwner;templateRepository_nameWithOwner;sshUrl;clone_url;git_url;squashMergeAllowed;mergeCommitAllowed;rebaseMergeAllowed;deleteBranchOnMerge;forkingAllowed;topics;latestRelease_tagName;releases_totalCount
krahets/hello-algo;R_kgDOIXtSqw;561730219;hello-algo;krahets/hello-algo;《Hello 算法》：动画图解、一键运行的数据结构与算法教程。支持简中、繁中、English、日本語，提供 Python, Java, C++, C, C#, JS, Go, Swift, Rust, Ruby, Kotlin, TS, Dart 等代码实现;https://www.hello-algo.com;https://github.com/krahets/hello-algo;krahets;User;PUBLIC;False;False;Other;NOASSERTION;http://choosealicense.com/licenses/other/;129656;15522;669;204;14;478300;;;2022-11-04T11:08:34Z;2026-08-28T23:49:18Z;2026-08-17T20:58:58Z;;Java;"{""Java"": 1104277, ""C++"": 1028431, ""Python"": 922172, ""Go"": 936769, ""JavaScript"": 944490, ""Swift"": 1102889, ""CMake"": 44555, ""Dockerfile"": 4689, ""Ruby"": 790600}";main;True;True;False;True;False;False;;;False;;;git@github.com:krahets/hello-algo.git;;;True;True;False;True;True;algorithms, data-structures, data-structures-and-algorithms, dsa, leetcode, algo, algorithm, data-structure, book, education, programming;1.3.0;10
iluwatar/java-design-patterns;MDEwOlJlcG9zaXRvcnkyMjc5MDQ4OA==;22790488;java-design-patterns;iluwatar/java-design-patterns;Design patterns implemented in Java;https://java-design-patterns.com;https://github.com/iluwatar/java-design-patterns;iluwatar;User;PUBLIC;False;False;Other;NOASSERTION;http://choosealicense.com/licenses/other/;94634;27389;3675;476;119;48570;;;2014-08-09T16:45:18Z;2026-08-28T23:44:47Z;2026-08-25T04:52:07Z;;Java;"{""Java"": 5140579, ""HTML"": 16836, ""CSS"": 9958, ""PowerShell"": 3862, ""Shell"": 2729}";master;True;False;True;False;False;False;;;False;;;git@github.com:iluwatar/java-design-patterns.git;;;True;False;False;True;True;java, principles, design-patterns, awesome-list, snippets, snippets-collection, snippets-library, hacktoberfest;;0
Stirling-Tools/Stirling-PDF;R_kgDOI2oX4A;594155488;Stirling-PDF;Stirling-Tools/Stirling-PDF;#1 PDF Application on GitHub that lets you edit PDFs on any device anywhere;https://stirling.com;https://github.com/Stirling-Tools/Stirling-PDF;Stirling-Tools;Organization;PUBLIC;False;False;Other;NOASSERTION;http://choosealicense.com/licenses/other/;90858;8238;318;299;374;443652;;;2023-01-27T18:22:42Z;2026-08-29T00:58:14Z;2026-08-29T00:22:21Z;;Java;"{""Dockerfile"": 52514, ""Java"": 16061622, ""CSS"": 824278, ""HTML"": 109854, ""JavaScript"": 203492, ""Shell"": 270424, ""Python"": 1358345, ""Gherkin"": 196635, ""Rich Text Format"": 41703, ""TypeScript"": 13721858, ""Rust"": 154076, ""PowerShell"": 1390, ""Jinja"": 6413, ""Groovy"": 18906}";main;True;True;True;True;False;False;;;False;;;git@github.com:Stirling-Tools/Stirling-PDF.git;;;True;True;False;True;True;docker, java, pdf, pdf-converter, pdf-manipulation, pdf-merger, pdf-tools, pdf-web-apps, pdf-ocr, pdfmerger, pdf-editor, hacktoberfest, self-hosted;v2.14.3;186
macrozheng/mall;MDEwOlJlcG9zaXRvcnkxMjc5ODgwMTE=;127988011;mall;macrozheng/mall;mall项目是一套电商系统，包括前台商城系统及后台管理系统，基于Spring Boot+MyBatis实现，采用Docker容器化部署。 前台商城系统包含首页门户、商品推荐、商品搜索、商品展示、购物车、订单流程、会员中心、客户服务、帮助中心等模块。 后台管理系统包含商品管理、订单管理、会员管理、促销管理、运营管理、内容管理、统计报表、财务管理、权限管理、设置等模块。;https://www.macrozheng.com/admin/;https://github.com/macrozheng/mall;macrozheng;User;PUBLIC;False;False;Apache License 2.0;Apache-2.0;http://choosealicense.com/licenses/apache-2.0/;84651;29826;2206;1;11;58736;;;2018-04-04T01:11:44Z;2026-08-29T00:48:59Z;2026-05-14T08:32:05Z;;Java;"{""Java"": 2741518, ""Shell"": 2324, ""Dockerfile"": 370}";master;True;True;True;False;False;False;;;False;;;git@github.com:macrozheng/mall.git;;;True;True;True;False;True;spring-boot, spring-security, mybatis, docker, swagger-ui, mysql, redis, elasticsearch, mongodb, elk, spring, rabbitmq, spring-cloud, java, springcloud, springboot;v1.0.3;3
spring-projects/spring-boot;MDEwOlJlcG9zaXRvcnk2Mjk2Nzkw;6296790;spring-boot;spring-projects/spring-boot;Spring Boot helps you to create Spring-powered, production-grade applications and services with absolute minimum fuss.;https://spring.io/projects/spring-boot;https://github.com/spring-projects/spring-boot;spring-projects;Organization;PUBLIC;False;False;Apache License 2.0;Apache-2.0;http://choosealicense.com/licenses/apache-2.0/;81376;42082;3338;1274;456;218476;;;2012-10-19T15:02:57Z;2026-08-28T23:37:14Z;2026-08-28T22:54:18Z;;Java;"{""Java"": 29896414, ""Smarty"": 1287, ""HTML"": 41868, ""Groovy"": 24533, ""Shell"": 11614, ""Ruby"": 8086, ""CSS"": 115, ""JavaScript"": 33592, ""Batchfile"": 2740, ""Kotlin"": 68752, ""Dockerfile"": 287, ""Vim Snippet"": 135, ""Mustache"": 448, ""FreeMarker"": 3592, ""Go Template"": 1450}";main;True;False;True;False;False;False;;;False;;;git@github.com:spring-projects/spring-boot.git;;;True;True;True;False;True;java, spring-boot, spring, framework;v4.1.1;355
doocs/advanced-java;MDEwOlJlcG9zaXRvcnkxNTE4MzQwNjI=;151834062;advanced-java;doocs/advanced-java;😮 Core Interview Questions & Answers For Experienced Java(Backend) Developers | 互联网 Java 工程师进阶知识完全扫盲：涵盖高并发、分布式、高可用、微服务、海量数据处理等领域知识;https://java.doocs.org;https://github.com/doocs/advanced-java;doocs;Organization;PUBLIC;False;False;Creative Commons Attribution Share Alike 4.0 International;CC-BY-SA-4.0;http://choosealicense.com/licenses/cc-by-sa-4.0/;79088;19166;2538;489;0;34455;;;2018-10-06T11:38:30Z;2026-08-28T14:18:19Z;2026-08-24T12:26:20Z;;Java;"{""Java"": 180}";main;True;False;False;True;False;False;;;False;;;git@github.com:doocs/advanced-java.git;;;True;False;True;True;True;java, distributed-systems, message-queue, redis, distributed-search-engine, high-availability, high-concurrency, dubbo, zookeeper, rpc, elasticsearch, hystrix, spring-cloud, microservices-architecture, ribbon, feign, eureka, springcloud-config, doocs, advanced-java;v2.0;1
elastic/elasticsearch;MDEwOlJlcG9zaXRvcnk1MDc3NzU=;507775;elasticsearch;elastic/elasticsearch;Free and Open Source, Distributed, RESTful Search Engine;https://www.elastic.co/products/elasticsearch;https://github.com/elastic/elasticsearch;elastic;Organization;PUBLIC;False;False;Other;NOASSERTION;http://choosealicense.com/licenses/other/;77877;26065;2630;4006;4690;1741735;;;2010-02-08T13:20:56Z;2026-08-28T23:59:52Z;2026-08-28T23:52:01Z;;Java;"{""Shell"": 174266, ""Python"": 14404, ""Java"": 279385025, ""HTML"": 2186, ""Groovy"": 703042, ""Batchfile"": 20184, ""Emacs Lisp"": 3341, ""FreeMarker"": 45, ""ANTLR"": 97524, ""Dockerfile"": 44889, ""CSS"": 5424, ""PowerShell"": 8151, ""JavaScript"": 1268, ""Mustache"": 58, ""AMPL"": 3121, ""StringTemplate"": 398958, ""TypeScript"": 292418, ""C++"": 362731, ""C"": 6746, ""Makefile"": 7270}";main;True;True;False;False;False;False;;;False;;;git@github.com:elastic/elasticsearch.git;;;True;False;False;True;True;elasticsearch, java, search-engine;v9.5.2;261
MisterBooo/LeetCodeAnimation;MDEwOlJlcG9zaXRvcnkxNjA2NDAwOTQ=;160640094;LeetCodeAnimation;MisterBooo/LeetCodeAnimation;Demonstrate all the questions on LeetCode in the form of animation.（用动画的形式呈现解LeetCode题目的思路,完整单步/回看/变速/语音讲解在 algomooc.com）;https://www.algomooc.com;https://github.com/MisterBooo/LeetCodeAnimation;MisterBooo;User;PUBLIC;False;False;;;;76702;13881;2501;16;18;510338;;;2018-12-06T08:01:22Z;2026-08-28T08:16:27Z;2026-06-12T13:49:06Z;;Java;"{""Java"": 366443, ""Python"": 2552, ""C++"": 439}";master;True;True;True;False;False;False;;;False;;;git@github.com:MisterBooo/LeetCodeAnimation.git;;;True;True;True;False;True;leetcode, leetcode-solutions, leetcode-java, animation, leetcode-c;;0
NationalSecurityAgency/ghidra;MDEwOlJlcG9zaXRvcnkxNzMyMjg0MzY=;173228436;ghidra;NationalSecurityAgency/ghidra;Ghidra is a software reverse engineering (SRE) framework;https://www.nsa.gov/ghidra;https://github.com/NationalSecurityAgency/ghidra;NationalSecurityAgency;Organization;PUBLIC;False;False;Apache License 2.0;Apache-2.0;http://choosealicense.com/licenses/apache-2.0/;73339;8012;1129;399;1550;413589;;;2019-03-01T03:27:48Z;2026-08-29T00:55:07Z;2026-08-28T13:31:09Z;;Java;"{""Java"": 102245355, ""C"": 1815104, ""HTML"": 4818382, ""CSS"": 18351, ""Shell"": 413044, ""Python"": 1702755, ""Haskell"": 453, ""Makefile"": 16901, ""C++"": 7117536, ""Yacc"": 129414, ""Lex"": 22514, ""XSLT"": 20203, ""GAP"": 104188, ""Batchfile"": 54186, ""Assembly"": 77536, ""TeX"": 58985, ""Xtend"": 117166, ""Hack"": 31428, ""Objective-C"": 27343, ""Pawn"": 101}";master;True;True;True;True;False;False;;;False;;;git@github.com:NationalSecurityAgency/ghidra.git;;;True;False;False;False;True;software-analysis, disassembler, reverse-engineering;Ghidra_12.1.3_build;55
TheAlgorithms/Java;MDEwOlJlcG9zaXRvcnk2MzQ3NzY2MA==;63477660;Java;TheAlgorithms/Java;All Algorithms implemented in Java;;https://github.com/TheAlgorithms/Java;TheAlgorithms;Organization;PUBLIC;False;False;MIT License;MIT;http://choosealicense.com/licenses/mit/;66195;21252;2167;844;4;7615;;;2016-07-16T10:21:02Z;2026-08-28T17:45:16Z;2026-08-28T21:43:53Z;;Java;"{""Java"": 4622122, ""Dockerfile"": 2000}";master;True;False;False;False;False;False;;;False;;;git@github.com:TheAlgorithms/Java.git;;;True;False;False;True;True;java, algorithms, algorithms-datastructures, algorithm-challenges, sorting-algorithms, search, sort, hacktoberfest, algorithm, data-structures;;0
