owner_repo;id;node_id;name;full_name;description;homepage;html_url;owner_login;owner_type;visibility;private;is_template;license_name;license_spdx_id;license_url;stargazers_count;forks_count;network_count;watchers_count;subscribers_count;open_issues_count;size;created_at;updated_at;pushed_at;archived_at;language;languages_detail;default_branch;has_issues;has_projects;has_wiki;has_pages;has_downloads;has_discussions;archived;disabled;fork;parent_full_name;source_full_name;ssh_url;clone_url;git_url;allow_squash_merge;allow_merge_commit;allow_rebase_merge;delete_branch_on_merge;allow_forking;topics;releases_latest_tag;releases_count_approx
krahets/hello-algo;561730219;R_kgDOIXtSqw;hello-algo;krahets/hello-algo;《Hello 算法》：动画图解、一键运行的数据结构与算法教程。支持简中、繁中、English、日本語，提供 Python, Java, C++, C, C#, JS, Go, Swift, Rust, Ruby, Kotlin, TS, Dart 等代码实现;https://www.hello-algo.com;https://github.com/krahets/hello-algo;krahets;User;public;False;False;Other;NOASSERTION;;129656;15522;15522;129656;669;42;478300;2022-11-04T11:08:34Z;2026-08-28T23:49:18Z;2026-08-17T20:58:58Z;;Java;"{""Java"": 1104277, ""Swift"": 1102889, ""C++"": 1028431, ""JavaScript"": 944490, ""Go"": 936769, ""Python"": 922172, ""Ruby"": 790600, ""CMake"": 44555, ""Dockerfile"": 4689}";main;True;True;False;True;False;True;False;False;False;;;git@github.com:krahets/hello-algo.git;https://github.com/krahets/hello-algo.git;git://github.com/krahets/hello-algo.git;;;;;True;algo, algorithm, algorithms, book, data-structure, data-structures, data-structures-and-algorithms, dsa, education, leetcode, programming;1.3.0;10
iluwatar/java-design-patterns;22790488;MDEwOlJlcG9zaXRvcnkyMjc5MDQ4OA==;java-design-patterns;iluwatar/java-design-patterns;Design patterns implemented in Java;https://java-design-patterns.com;https://github.com/iluwatar/java-design-patterns;iluwatar;User;public;False;False;Other;NOASSERTION;;94634;27389;27389;94634;3675;135;48570;2014-08-09T16:45:18Z;2026-08-28T23:44:47Z;2026-08-25T04:52:07Z;;Java;"{""Java"": 5140579, ""HTML"": 16836, ""CSS"": 9958, ""PowerShell"": 3862, ""Shell"": 2729}";master;True;False;True;False;False;False;False;False;False;;;git@github.com:iluwatar/java-design-patterns.git;https://github.com/iluwatar/java-design-patterns.git;git://github.com/iluwatar/java-design-patterns.git;;;;;True;awesome-list, design-patterns, hacktoberfest, java, principles, snippets, snippets-collection, snippets-library;;
Stirling-Tools/Stirling-PDF;594155488;R_kgDOI2oX4A;Stirling-PDF;Stirling-Tools/Stirling-PDF;#1 PDF Application on GitHub that lets you edit PDFs on any device anywhere;https://stirling.com;https://github.com/Stirling-Tools/Stirling-PDF;Stirling-Tools;Organization;public;False;False;Other;NOASSERTION;;90858;8238;8238;90858;318;596;443652;2023-01-27T18:22:42Z;2026-08-29T00:58:14Z;2026-08-29T00:22:21Z;;Java;"{""Java"": 16061622, ""TypeScript"": 13721858, ""Python"": 1358345, ""CSS"": 824278, ""Shell"": 270424, ""JavaScript"": 203492, ""Gherkin"": 196635, ""Rust"": 154076, ""HTML"": 109854, ""Dockerfile"": 52514, ""Rich Text Format"": 41703, ""Groovy"": 18906, ""Jinja"": 6413, ""PowerShell"": 1390}";main;True;True;True;False;False;True;False;False;False;;;git@github.com:Stirling-Tools/Stirling-PDF.git;https://github.com/Stirling-Tools/Stirling-PDF.git;git://github.com/Stirling-Tools/Stirling-PDF.git;;;;;True;docker, hacktoberfest, java, pdf, pdf-converter, pdf-editor, pdf-manipulation, pdf-merger, pdf-ocr, pdf-tools, pdf-web-apps, pdfmerger, self-hosted;v2.14.3;186
macrozheng/mall;127988011;MDEwOlJlcG9zaXRvcnkxMjc5ODgwMTE=;mall;macrozheng/mall;mall项目是一套电商系统，包括前台商城系统及后台管理系统，基于Spring Boot+MyBatis实现，采用Docker容器化部署。 前台商城系统包含首页门户、商品推荐、商品搜索、商品展示、购物车、订单流程、会员中心、客户服务、帮助中心等模块。 后台管理系统包含商品管理、订单管理、会员管理、促销管理、运营管理、内容管理、统计报表、财务管理、权限管理、设置等模块。;https://www.macrozheng.com/admin/;https://github.com/macrozheng/mall;macrozheng;User;public;False;False;Apache License 2.0;Apache-2.0;https://api.github.com/licenses/apache-2.0;84651;29826;29826;84651;2206;17;58736;2018-04-04T01:11:44Z;2026-08-29T00:48:59Z;2026-05-14T08:32:05Z;;Java;"{""Java"": 2741518, ""Shell"": 2324, ""Dockerfile"": 370}";master;True;True;True;False;False;False;False;False;False;;;git@github.com:macrozheng/mall.git;https://github.com/macrozheng/mall.git;git://github.com/macrozheng/mall.git;;;;;True;docker, elasticsearch, elk, java, mongodb, mybatis, mysql, rabbitmq, redis, spring, spring-boot, spring-cloud, spring-security, springboot, springcloud, swagger-ui;v1.0.3;3
spring-projects/spring-boot;6296790;MDEwOlJlcG9zaXRvcnk2Mjk2Nzkw;spring-boot;spring-projects/spring-boot;Spring Boot helps you to create Spring-powered, production-grade applications and services with absolute minimum fuss.;https://spring.io/projects/spring-boot;https://github.com/spring-projects/spring-boot;spring-projects;Organization;public;False;False;Apache License 2.0;Apache-2.0;https://api.github.com/licenses/apache-2.0;81376;42082;42082;81376;3338;488;218476;2012-10-19T15:02:57Z;2026-08-28T23:37:14Z;2026-08-28T22:54:18Z;;Java;"{""Java"": 29896414, ""Kotlin"": 68752, ""HTML"": 41868, ""JavaScript"": 33592, ""Groovy"": 24533, ""Shell"": 11614, ""Ruby"": 8086, ""FreeMarker"": 3592, ""Batchfile"": 2740, ""Go Template"": 1450, ""Smarty"": 1287, ""Mustache"": 448, ""Dockerfile"": 287, ""Vim Snippet"": 135, ""CSS"": 115}";main;True;False;True;False;False;False;False;False;False;;;git@github.com:spring-projects/spring-boot.git;https://github.com/spring-projects/spring-boot.git;git://github.com/spring-projects/spring-boot.git;;;;;True;framework, java, spring, spring-boot;v4.2.0-M1;355
doocs/advanced-java;151834062;MDEwOlJlcG9zaXRvcnkxNTE4MzQwNjI=;advanced-java;doocs/advanced-java;😮 Core Interview Questions & Answers For Experienced Java(Backend) Developers | 互联网 Java 工程师进阶知识完全扫盲：涵盖高并发、分布式、高可用、微服务、海量数据处理等领域知识;https://java.doocs.org;https://github.com/doocs/advanced-java;doocs;Organization;public;False;False;Creative Commons Attribution Share Alike 4.0 International;CC-BY-SA-4.0;https://api.github.com/licenses/cc-by-sa-4.0;79088;19166;19166;79088;2538;0;34455;2018-10-06T11:38:30Z;2026-08-28T14:18:19Z;2026-08-24T12:26:20Z;;Java;"{""Java"": 180}";main;True;False;False;True;False;True;False;False;False;;;git@github.com:doocs/advanced-java.git;https://github.com/doocs/advanced-java.git;git://github.com/doocs/advanced-java.git;;;;;True;advanced-java, distributed-search-engine, distributed-systems, doocs, dubbo, elasticsearch, eureka, feign, high-availability, high-concurrency, hystrix, java, message-queue, microservices-architecture, redis, ribbon, rpc, spring-cloud, springcloud-config, zookeeper;v2.0;1
elastic/elasticsearch;507775;MDEwOlJlcG9zaXRvcnk1MDc3NzU=;elasticsearch;elastic/elasticsearch;Free and Open Source, Distributed, RESTful Search Engine;https://www.elastic.co/products/elasticsearch;https://github.com/elastic/elasticsearch;elastic;Organization;public;False;False;Other;NOASSERTION;;77877;26065;26065;77877;2630;5981;1741735;2010-02-08T13:20:56Z;2026-08-28T23:59:52Z;2026-08-28T23:52:01Z;;Java;"{""Java"": 279385025, ""Groovy"": 703042, ""StringTemplate"": 398958, ""C++"": 362731, ""TypeScript"": 292418, ""Shell"": 174266, ""ANTLR"": 97524, ""Dockerfile"": 44889, ""Batchfile"": 20184, ""Python"": 14404, ""PowerShell"": 8151, ""Makefile"": 7270, ""C"": 6746, ""CSS"": 5424, ""Emacs Lisp"": 3341, ""AMPL"": 3121, ""HTML"": 2186, ""JavaScript"": 1268, ""Mustache"": 58, ""FreeMarker"": 45}";main;True;True;False;False;False;False;False;False;False;;;git@github.com:elastic/elasticsearch.git;https://github.com/elastic/elasticsearch.git;git://github.com/elastic/elasticsearch.git;;;;;True;elasticsearch, java, search-engine;v9.5.2;261
MisterBooo/LeetCodeAnimation;160640094;MDEwOlJlcG9zaXRvcnkxNjA2NDAwOTQ=;LeetCodeAnimation;MisterBooo/LeetCodeAnimation;Demonstrate all the questions on LeetCode in the form of animation.（用动画的形式呈现解LeetCode题目的思路,完整单步/回看/变速/语音讲解在 algomooc.com）;https://www.algomooc.com;https://github.com/MisterBooo/LeetCodeAnimation;MisterBooo;User;public;False;False;;;;76702;13881;13881;76702;2501;22;510338;2018-12-06T08:01:22Z;2026-08-28T08:16:27Z;2026-06-12T13:49:06Z;;Java;"{""Java"": 366443, ""Python"": 2552, ""C++"": 439}";master;True;True;True;False;False;False;False;False;False;;;git@github.com:MisterBooo/LeetCodeAnimation.git;https://github.com/MisterBooo/LeetCodeAnimation.git;git://github.com/MisterBooo/LeetCodeAnimation.git;;;;;True;animation, leetcode, leetcode-c, leetcode-java, leetcode-solutions;;
NationalSecurityAgency/ghidra;173228436;MDEwOlJlcG9zaXRvcnkxNzMyMjg0MzY=;ghidra;NationalSecurityAgency/ghidra;Ghidra is a software reverse engineering (SRE) framework;https://www.nsa.gov/ghidra;https://github.com/NationalSecurityAgency/ghidra;NationalSecurityAgency;Organization;public;False;False;Apache License 2.0;Apache-2.0;https://api.github.com/licenses/apache-2.0;73339;8012;8012;73339;1129;1921;413589;2019-03-01T03:27:48Z;2026-08-29T00:55:07Z;2026-08-28T13:31:09Z;;Java;"{""Java"": 102245355, ""C++"": 7117536, ""HTML"": 4818382, ""C"": 1815104, ""Python"": 1702755, ""Shell"": 413044, ""Yacc"": 129414, ""Xtend"": 117166, ""GAP"": 104188, ""PowerShell"": 79030, ""Assembly"": 77536, ""TeX"": 58985, ""Batchfile"": 54186, ""Hack"": 31428, ""Objective-C"": 27343, ""Lex"": 22514, ""XSLT"": 20203, ""CSS"": 18351, ""Makefile"": 16901, ""GDB"": 3854, ""Dockerfile"": 2353, ""Haskell"": 453, ""Lua"": 180, ""Linker Script"": 170, ""Pawn"": 101}";master;True;True;True;False;False;True;False;False;False;;;git@github.com:NationalSecurityAgency/ghidra.git;https://github.com/NationalSecurityAgency/ghidra.git;git://github.com/NationalSecurityAgency/ghidra.git;;;;;True;disassembler, reverse-engineering, software-analysis;Ghidra_12.1.3_build;55
TheAlgorithms/Java;63477660;MDEwOlJlcG9zaXRvcnk2MzQ3NzY2MA==;Java;TheAlgorithms/Java;All Algorithms implemented in Java;;https://github.com/TheAlgorithms/Java;TheAlgorithms;Organization;public;False;False;MIT License;MIT;https://api.github.com/licenses/mit;66195;21252;21252;66195;2167;12;7615;2016-07-16T10:21:02Z;2026-08-28T17:45:16Z;2026-08-28T21:43:53Z;;Java;"{""Java"": 4622122, ""Dockerfile"": 2000}";master;True;False;False;False;False;False;False;False;False;;;git@github.com:TheAlgorithms/Java.git;https://github.com/TheAlgorithms/Java.git;git://github.com/TheAlgorithms/Java.git;;;;;True;algorithm, algorithm-challenges, algorithms, algorithms-datastructures, data-structures, hacktoberfest, java, search, sort, sorting-algorithms;;
