collected_at,query,total_count,retrieved,incomplete_results,partition_key
2026-09-17T16:36:08Z,topic:spring-boot fork:true created:2008-01-01..2008-12-31,0,0,False,2008-01-01..2008-12-31|stars:*
2026-09-17T16:36:11Z,topic:spring-boot fork:true created:2009-01-01..2009-12-31,1,1,False,2009-01-01..2009-12-31|stars:*
2026-09-17T16:36:13Z,topic:spring-boot fork:true created:2010-01-01..2010-12-31,2,2,False,2010-01-01..2010-12-31|stars:*
2026-09-17T16:36:16Z,topic:spring-boot fork:true created:2011-01-01..2011-12-31,3,3,False,2011-01-01..2011-12-31|stars:*
2026-09-17T16:36:19Z,topic:spring-boot fork:true created:2012-01-01..2012-12-31,17,17,False,2012-01-01..2012-12-31|stars:*
2026-09-17T16:36:22Z,topic:spring-boot fork:true created:2013-01-01..2013-12-31,16,16,False,2013-01-01..2013-12-31|stars:*
2026-09-17T16:36:28Z,topic:spring-boot fork:true created:2014-01-01..2014-12-31,75,75,False,2014-01-01..2014-12-31|stars:*
2026-09-17T16:36:44Z,topic:spring-boot fork:true created:2015-01-01..2015-12-31,250,250,False,2015-01-01..2015-12-31|stars:*
2026-09-17T16:37:40Z,topic:spring-boot fork:true created:2016-01-01..2016-12-31,830,830,False,2016-01-01..2016-12-31|stars:*
2026-09-17T16:38:54Z,topic:spring-boot fork:true created:2017-01-01..2017-04-02,909,909,False,2017-01-01..2017-04-02|stars:*
2026-09-17T16:39:35Z,topic:spring-boot fork:true created:2017-04-03..2017-05-18,529,529,False,2017-04-03..2017-05-18|stars:*
2026-09-17T16:40:12Z,topic:spring-boot fork:true created:2017-05-19..2017-07-02,543,543,False,2017-05-19..2017-07-02|stars:*
2026-09-17T16:41:03Z,topic:spring-boot fork:true created:2017-07-03..2017-08-17,553,553,False,2017-07-03..2017-08-17|stars:*
2026-09-17T16:41:44Z,topic:spring-boot fork:true created:2017-08-18..2017-10-01,597,597,False,2017-08-18..2017-10-01|stars:*
2026-09-17T16:42:33Z,topic:spring-boot fork:true created:2017-10-02..2017-11-16,622,622,False,2017-10-02..2017-11-16|stars:*
2026-09-17T16:43:21Z,topic:spring-boot fork:true created:2017-11-17..2017-12-31,668,668,False,2017-11-17..2017-12-31|stars:*
2026-09-17T16:44:30Z,topic:spring-boot fork:true created:2018-01-01..2018-02-15,775,775,False,2018-01-01..2018-02-15|stars:*
2026-09-17T16:45:37Z,topic:spring-boot fork:true created:2018-02-16..2018-04-02,971,971,False,2018-02-16..2018-04-02|stars:*
2026-09-17T16:46:47Z,topic:spring-boot fork:true created:2018-04-03..2018-05-18,910,910,False,2018-04-03..2018-05-18|stars:*
2026-09-17T16:47:47Z,topic:spring-boot fork:true created:2018-05-19..2018-07-02,844,844,False,2018-05-19..2018-07-02|stars:*
2026-09-17T16:49:41Z,topic:spring-boot fork:true created:2018-07-03..2018-08-17,788,788,False,2018-07-03..2018-08-17|stars:*
2026-09-17T16:50:16Z,topic:spring-boot fork:true created:2018-08-18..2018-10-01,766,766,False,2018-08-18..2018-10-01|stars:*
2026-09-17T16:50:50Z,topic:spring-boot fork:true created:2018-10-02..2018-11-16,677,677,False,2018-10-02..2018-11-16|stars:*
2026-09-17T16:51:21Z,topic:spring-boot fork:true created:2018-11-17..2018-12-31,665,665,False,2018-11-17..2018-12-31|stars:*
2026-09-17T16:52:02Z,topic:spring-boot fork:true created:2019-01-01..2019-02-15,642,642,False,2019-01-01..2019-02-15|stars:*
2026-09-17T16:52:44Z,topic:spring-boot fork:true created:2019-02-16..2019-04-02,803,803,False,2019-02-16..2019-04-02|stars:*
2026-09-17T16:53:25Z,topic:spring-boot fork:true created:2019-04-03..2019-05-18,749,749,False,2019-04-03..2019-05-18|stars:*
2026-09-17T16:53:59Z,topic:spring-boot fork:true created:2019-05-19..2019-07-02,699,699,False,2019-05-19..2019-07-02|stars:*
2026-09-17T16:54:40Z,topic:spring-boot fork:true created:2019-07-03..2019-08-17,745,745,False,2019-07-03..2019-08-17|stars:*
2026-09-17T16:55:14Z,topic:spring-boot fork:true created:2019-08-18..2019-10-01,703,703,False,2019-08-18..2019-10-01|stars:*
2026-09-17T16:55:56Z,topic:spring-boot fork:true created:2019-10-02..2019-11-16,780,780,False,2019-10-02..2019-11-16|stars:*
2026-09-17T16:56:29Z,topic:spring-boot fork:true created:2019-11-17..2019-12-31,673,673,False,2019-11-17..2019-12-31|stars:*
2026-09-17T16:57:12Z,topic:spring-boot fork:true created:2020-01-01..2020-02-15,683,683,False,2020-01-01..2020-02-15|stars:*
2026-09-17T16:57:57Z,topic:spring-boot fork:true created:2020-02-16..2020-04-01,910,910,False,2020-02-16..2020-04-01|stars:*
2026-09-17T16:58:30Z,topic:spring-boot fork:true created:2020-04-02..2020-04-24,521,521,False,2020-04-02..2020-04-24|stars:*
2026-09-17T16:58:58Z,topic:spring-boot fork:true created:2020-04-25..2020-05-17,551,551,False,2020-04-25..2020-05-17|stars:*
2026-09-17T16:59:28Z,topic:spring-boot fork:true created:2020-05-18..2020-06-09,515,515,False,2020-05-18..2020-06-09|stars:*
2026-09-17T16:59:53Z,topic:spring-boot fork:true created:2020-06-10..2020-07-01,487,487,False,2020-06-10..2020-07-01|stars:*
2026-09-17T17:00:45Z,topic:spring-boot fork:true created:2020-07-02..2020-08-16,882,882,False,2020-07-02..2020-08-16|stars:*
2026-09-17T17:01:29Z,topic:spring-boot fork:true created:2020-08-17..2020-10-01,828,828,False,2020-08-17..2020-10-01|stars:*
2026-09-17T17:02:21Z,topic:spring-boot fork:true created:2020-10-02..2020-11-16,883,883,False,2020-10-02..2020-11-16|stars:*
2026-09-17T17:03:04Z,topic:spring-boot fork:true created:2020-11-17..2020-12-31,824,824,False,2020-11-17..2020-12-31|stars:*
2026-09-17T17:04:05Z,topic:spring-boot fork:true created:2021-01-01..2021-02-15,943,943,False,2021-01-01..2021-02-15|stars:*
2026-09-17T17:04:54Z,topic:spring-boot fork:true created:2021-02-16..2021-04-02,964,964,False,2021-02-16..2021-04-02|stars:*
2026-09-17T17:05:28Z,topic:spring-boot fork:true created:2021-04-03..2021-04-25,514,514,False,2021-04-03..2021-04-25|stars:*
2026-09-17T17:06:00Z,topic:spring-boot fork:true created:2021-04-26..2021-05-18,618,618,False,2021-04-26..2021-05-18|stars:*
2026-09-17T17:06:32Z,topic:spring-boot fork:true created:2021-05-19..2021-06-10,541,541,False,2021-05-19..2021-06-10|stars:*
2026-09-17T17:06:57Z,topic:spring-boot fork:true created:2021-06-11..2021-07-02,494,494,False,2021-06-11..2021-07-02|stars:*
2026-09-17T17:07:36Z,topic:spring-boot fork:true created:2021-07-03..2021-07-25,549,549,False,2021-07-03..2021-07-25|stars:*
2026-09-17T17:08:03Z,topic:spring-boot fork:true created:2021-07-26..2021-08-17,523,523,False,2021-07-26..2021-08-17|stars:*
2026-09-17T17:08:35Z,topic:spring-boot fork:true created:2021-08-18..2021-09-09,524,524,False,2021-08-18..2021-09-09|stars:*
2026-09-17T17:09:02Z,topic:spring-boot fork:true created:2021-09-10..2021-10-01,512,512,False,2021-09-10..2021-10-01|stars:*
2026-09-17T17:09:38Z,topic:spring-boot fork:true created:2021-10-02..2021-10-24,530,530,False,2021-10-02..2021-10-24|stars:*
2026-09-17T17:10:06Z,topic:spring-boot fork:true created:2021-10-25..2021-11-16,534,534,False,2021-10-25..2021-11-16|stars:*
2026-09-17T17:10:38Z,topic:spring-boot fork:true created:2021-11-17..2021-12-09,544,544,False,2021-11-17..2021-12-09|stars:*
2026-09-17T17:11:03Z,topic:spring-boot fork:true created:2021-12-10..2021-12-31,512,512,False,2021-12-10..2021-12-31|stars:*
2026-09-17T17:11:47Z,topic:spring-boot fork:true created:2022-01-01..2022-01-23,614,614,False,2022-01-01..2022-01-23|stars:*
2026-09-17T17:12:21Z,topic:spring-boot fork:true created:2022-01-24..2022-02-15,635,635,False,2022-01-24..2022-02-15|stars:*
2026-09-17T17:12:56Z,topic:spring-boot fork:true created:2022-02-16..2022-03-10,597,597,False,2022-02-16..2022-03-10|stars:*
2026-09-17T17:13:28Z,topic:spring-boot fork:true created:2022-03-11..2022-04-02,582,582,False,2022-03-11..2022-04-02|stars:*
2026-09-17T17:14:05Z,topic:spring-boot fork:true created:2022-04-03..2022-04-25,562,562,False,2022-04-03..2022-04-25|stars:*
2026-09-17T17:14:38Z,topic:spring-boot fork:true created:2022-04-26..2022-05-18,650,650,False,2022-04-26..2022-05-18|stars:*
2026-09-17T17:15:16Z,topic:spring-boot fork:true created:2022-05-19..2022-06-10,605,605,False,2022-05-19..2022-06-10|stars:*
2026-09-17T17:15:47Z,topic:spring-boot fork:true created:2022-06-11..2022-07-02,579,579,False,2022-06-11..2022-07-02|stars:*
2026-09-17T17:16:35Z,topic:spring-boot fork:true created:2022-07-03..2022-07-25,665,665,False,2022-07-03..2022-07-25|stars:*
2026-09-17T17:17:09Z,topic:spring-boot fork:true created:2022-07-26..2022-08-17,638,638,False,2022-07-26..2022-08-17|stars:*
2026-09-17T17:17:50Z,topic:spring-boot fork:true created:2022-08-18..2022-09-09,623,623,False,2022-08-18..2022-09-09|stars:*
2026-09-17T17:18:25Z,topic:spring-boot fork:true created:2022-09-10..2022-10-01,626,626,False,2022-09-10..2022-10-01|stars:*
2026-09-17T17:19:05Z,topic:spring-boot fork:true created:2022-10-02..2022-10-24,621,621,False,2022-10-02..2022-10-24|stars:*
2026-09-17T17:19:44Z,topic:spring-boot fork:true created:2022-10-25..2022-11-16,745,745,False,2022-10-25..2022-11-16|stars:*
